<?xml version="1.0" encoding="UTF-8"?>
<project-private xmlns="http://www.netbeans.org/ns/project-private/1">
    <editor-bookmarks xmlns="http://www.netbeans.org/ns/editor-bookmarks/2" lastBookmarkId="0"/>
    <open-files xmlns="http://www.netbeans.org/ns/projectui-open-files/2">
        <group>
            <file>file:/D:/computers%20and%20systems%20engineering/4th/2nd%20term/Software%20Engineering/java/POSSEApplication/src/Business/CustomerService.java</file>
            <file>file:/D:/computers%20and%20systems%20engineering/4th/2nd%20term/Software%20Engineering/java/POSSEApplication/src/Application/CustomerForm.java</file>
            <file>file:/D:/computers%20and%20systems%20engineering/4th/2nd%20term/Software%20Engineering/java/POSSEApplication/src/Application/CustomerManagement.java</file>
        </group>
    </open-files>
</project-private>
